t_measurement,t_report,device_id,signal_name,value
1717249015.5755723,1717249005.5755732,device1,energy export,52.0
1717249015.5789068,1717249005.5789075,device2,energy import,5.0
1717249025.5911148,1717249015.5911162,device1,energy export,56.0
1717249025.5944982,1717249015.5944990,device1,energy import,16.0
1717249025.5963943,1717249015.5963945,device2,energy export,81.0
